{"cameraMode":{"drawMode":0,"name":"Shaded","section":"Shading Mode"},"sceneLighting":true,"audioPlay":false,"sceneViewState":{"m_AlwaysRefresh":false,"showFog":true,"showSkybox":true,"showFlares":true,"showImageEffects":true,"showParticleSystems":true,"showVisualEffectGraphs":true,"m_FxEnabled":true},"in2DMode":false,"pivot":{"x":-0.903958797454834,"y":-18.9305419921875,"z":9.079178810119629},"rotation":{"x":0.6047880053520203,"y":-0.001194560551084578,"z":0.0009071805980056524,"w":0.7963860034942627},"size":27.470626831054689,"orthographic":false}